name,lastname,email,password
Name001,Lastname001,user001@example.com,Pass0001
Name002,Lastname002,user002@example.com,Pass0002
Name003,Lastname003,user003@example.com,Pass0003
Name004,Lastname004,user004@example.com,Pass0004
Name005,Lastname005,user005@example.com,Pass0005
Name006,Lastname006,user006@example.com,Pass0006
Name007,Lastname007,user007@example.com,Pass0007
Name008,Lastname008,user008@example.com,Pass0008
Name009,Lastname009,user009@example.com,Pass0009
Name010,Lastname010,user010@example.com,Pass0010
Name011,Lastname011,user011@example.com,Pass0011
Name012,Lastname012,user012@example.com,Pass0012
Name013,Lastname013,user013@example.com,Pass0013
Name014,Lastname014,user014@example.com,Pass0014
Name015,Lastname015,user015@example.com,Pass0015
Name016,Lastname016,user016@example.com,Pass0016
Name017,Lastname017,user017@example.com,Pass0017
Name018,Lastname018,user018@example.com,Pass0018
Name019,Lastname019,user019@example.com,Pass0019
Name020,Lastname020,user020@example.com,Pass0020
Name021,Lastname021,user021@example.com,Pass0021
Name022,Lastname022,user022@example.com,Pass0022
Name023,Lastname023,user023@example.com,Pass0023
Name024,Lastname024,user024@example.com,Pass0024
Name025,Lastname025,user025@example.com,Pass0025
Name026,Lastname026,user026@example.com,Pass0026
Name027,Lastname027,user027@example.com,Pass0027
Name028,Lastname028,user028@example.com,Pass0028
Name029,Lastname029,user029@example.com,Pass0029
Name030,Lastname030,user030@example.com,Pass0030
Name031,Lastname031,user031@example.com,Pass0031
Name032,Lastname032,user032@example.com,Pass0032
Name033,Lastname033,user033@example.com,Pass0033
Name034,Lastname034,user034@example.com,Pass0034
Name035,Lastname035,user035@example.com,Pass0035
Name036,Lastname036,user036@example.com,Pass0036
Name037,Lastname037,user037@example.com,Pass0037
Name038,Lastname038,user038@example.com,Pass0038
Name039,Lastname039,user039@example.com,Pass0039
Name040,Lastname040,user040@example.com,Pass0040
Name041,Lastname041,user041@example.com,Pass0041
Name042,Lastname042,user042@example.com,Pass0042
Name043,Lastname043,user043@example.com,Pass0043
Name044,Lastname044,user044@example.com,Pass0044
Name045,Lastname045,user045@example.com,Pass0045
Name046,Lastname046,user046@example.com,Pass0046
Name047,Lastname047,user047@example.com,Pass0047
Name048,Lastname048,user048@example.com,Pass0048
Name049,Lastname049,user049@example.com,Pass0049
Name050,Lastname050,user050@example.com,Pass0050
Name051,Lastname051,user051@example.com,Pass0051
Name052,Lastname052,user052@example.com,Pass0052
Name053,Lastname053,user053@example.com,Pass0053
Name054,Lastname054,user054@example.com,Pass0054
Name055,Lastname055,user055@example.com,Pass0055
Name056,Lastname056,user056@example.com,Pass0056
Name057,Lastname057,user057@example.com,Pass0057
Name058,Lastname058,user058@example.com,Pass0058
Name059,Lastname059,user059@example.com,Pass0059
Name060,Lastname060,user060@example.com,Pass0060
Name061,Lastname061,user061@example.com,Pass0061
Name062,Lastname062,user062@example.com,Pass0062
Name063,Lastname063,user063@example.com,Pass0063
Name064,Lastname064,user064@example.com,Pass0064
Name065,Lastname065,user065@example.com,Pass0065
Name066,Lastname066,user066@example.com,Pass0066
Name067,Lastname067,user067@example.com,Pass0067
Name068,Lastname068,user068@example.com,Pass0068
Name069,Lastname069,user069@example.com,Pass0069
Name070,Lastname070,user070@example.com,Pass0070
Name071,Lastname071,user071@example.com,Pass0071
Name072,Lastname072,user072@example.com,Pass0072
Name073,Lastname073,user073@example.com,Pass0073
Name074,Lastname074,user074@example.com,Pass0074
Name075,Lastname075,user075@example.com,Pass0075
Name076,Lastname076,user076@example.com,Pass0076
Name077,Lastname077,user077@example.com,Pass0077
Name078,Lastname078,user078@example.com,Pass0078
Name079,Lastname079,user079@example.com,Pass0079
Name080,Lastname080,user080@example.com,Pass0080
Name081,Lastname081,user081@example.com,Pass0081
Name082,Lastname082,user082@example.com,Pass0082
Name083,Lastname083,user083@example.com,Pass0083
Name084,Lastname084,user084@example.com,Pass0084
Name085,Lastname085,user085@example.com,Pass0085
Name086,Lastname086,user086@example.com,Pass0086
Name087,Lastname087,user087@example.com,Pass0087
Name088,Lastname088,user088@example.com,Pass0088
Name089,Lastname089,user089@example.com,Pass0089
Name090,Lastname090,user090@example.com,Pass0090
Name091,Lastname091,user091@example.com,Pass0091
Name092,Lastname092,user092@example.com,Pass0092
Name093,Lastname093,user093@example.com,Pass0093
Name094,Lastname094,user094@example.com,Pass0094
Name095,Lastname095,user095@example.com,Pass0095
Name096,Lastname096,user096@example.com,Pass0096
Name097,Lastname097,user097@example.com,Pass0097
Name098,Lastname098,user098@example.com,Pass0098
Name099,Lastname099,user099@example.com,Pass0099
Name100,Lastname100,user100@example.com,Pass0100
Name101,Lastname101,user101@example.com,Pass0101
Name102,Lastname102,user102@example.com,Pass0102
Name103,Lastname103,user103@example.com,Pass0103
Name104,Lastname104,user104@example.com,Pass0104
Name105,Lastname105,user105@example.com,Pass0105
Name106,Lastname106,user106@example.com,Pass0106
Name107,Lastname107,user107@example.com,Pass0107
Name108,Lastname108,user108@example.com,Pass0108
Name109,Lastname109,user109@example.com,Pass0109
Name110,Lastname110,user110@example.com,Pass0110
Name111,Lastname111,user111@example.com,Pass0111
Name112,Lastname112,user112@example.com,Pass0112
Name113,Lastname113,user113@example.com,Pass0113
Name114,Lastname114,user114@example.com,Pass0114
Name115,Lastname115,user115@example.com,Pass0115
Name116,Lastname116,user116@example.com,Pass0116
Name117,Lastname117,user117@example.com,Pass0117
Name118,Lastname118,user118@example.com,Pass0118
Name119,Lastname119,user119@example.com,Pass0119
Name120,Lastname120,user120@example.com,Pass0120
Name121,Lastname121,user121@example.com,Pass0121
Name122,Lastname122,user122@example.com,Pass0122
Name123,Lastname123,user123@example.com,Pass0123
Name124,Lastname124,user124@example.com,Pass0124
Name125,Lastname125,user125@example.com,Pass0125
Name126,Lastname126,user126@example.com,Pass0126
Name127,Lastname127,user127@example.com,Pass0127
Name128,Lastname128,user128@example.com,Pass0128
Name129,Lastname129,user129@example.com,Pass0129
Name130,Lastname130,user130@example.com,Pass0130
Name131,Lastname131,user131@example.com,Pass0131
Name132,Lastname132,user132@example.com,Pass0132
Name133,Lastname133,user133@example.com,Pass0133
Name134,Lastname134,user134@example.com,Pass0134
Name135,Lastname135,user135@example.com,Pass0135
Name136,Lastname136,user136@example.com,Pass0136
Name137,Lastname137,user137@example.com,Pass0137
Name138,Lastname138,user138@example.com,Pass0138
Name139,Lastname139,user139@example.com,Pass0139
Name140,Lastname140,user140@example.com,Pass0140
Name141,Lastname141,user141@example.com,Pass0141
Name142,Lastname142,user142@example.com,Pass0142
Name143,Lastname143,user143@example.com,Pass0143
Name144,Lastname144,user144@example.com,Pass0144
Name145,Lastname145,user145@example.com,Pass0145
Name146,Lastname146,user146@example.com,Pass0146
Name147,Lastname147,user147@example.com,Pass0147
Name148,Lastname148,user148@example.com,Pass0148
Name149,Lastname149,user149@example.com,Pass0149
Name150,Lastname150,user150@example.com,Pass0150
Name151,Lastname151,user151@example.com,Pass0151
Name152,Lastname152,user152@example.com,Pass0152
Name153,Lastname153,user153@example.com,Pass0153
Name154,Lastname154,user154@example.com,Pass0154
Name155,Lastname155,user155@example.com,Pass0155
Name156,Lastname156,user156@example.com,Pass0156
Name157,Lastname157,user157@example.com,Pass0157
Name158,Lastname158,user158@example.com,Pass0158
Name159,Lastname159,user159@example.com,Pass0159
Name160,Lastname160,user160@example.com,Pass0160
Name161,Lastname161,user161@example.com,Pass0161
Name162,Lastname162,user162@example.com,Pass0162
Name163,Lastname163,user163@example.com,Pass0163
Name164,Lastname164,user164@example.com,Pass0164
Name165,Lastname165,user165@example.com,Pass0165
Name166,Lastname166,user166@example.com,Pass0166
Name167,Lastname167,user167@example.com,Pass0167
Name168,Lastname168,user168@example.com,Pass0168
Name169,Lastname169,user169@example.com,Pass0169
Name170,Lastname170,user170@example.com,Pass0170
Name171,Lastname171,user171@example.com,Pass0171
Name172,Lastname172,user172@example.com,Pass0172
Name173,Lastname173,user173@example.com,Pass0173
Name174,Lastname174,user174@example.com,Pass0174
Name175,Lastname175,user175@example.com,Pass0175
Name176,Lastname176,user176@example.com,Pass0176
Name177,Lastname177,user177@example.com,Pass0177
Name178,Lastname178,user178@example.com,Pass0178
Name179,Lastname179,user179@example.com,Pass0179
Name180,Lastname180,user180@example.com,Pass0180
Name181,Lastname181,user181@example.com,Pass0181
Name182,Lastname182,user182@example.com,Pass0182
Name183,Lastname183,user183@example.com,Pass0183
Name184,Lastname184,user184@example.com,Pass0184
Name185,Lastname185,user185@example.com,Pass0185
Name186,Lastname186,user186@example.com,Pass0186
Name187,Lastname187,user187@example.com,Pass0187
Name188,Lastname188,user188@example.com,Pass0188
Name189,Lastname189,user189@example.com,Pass0189
Name190,Lastname190,user190@example.com,Pass0190
Name191,Lastname191,user191@example.com,Pass0191
Name192,Lastname192,user192@example.com,Pass0192
Name193,Lastname193,user193@example.com,Pass0193
Name194,Lastname194,user194@example.com,Pass0194
Name195,Lastname195,user195@example.com,Pass0195
Name196,Lastname196,user196@example.com,Pass0196
Name197,Lastname197,user197@example.com,Pass0197
Name198,Lastname198,user198@example.com,Pass0198
Name199,Lastname199,user199@example.com,Pass0199
Name200,Lastname200,user200@example.com,Pass0200
Name201,Lastname201,user201@example.com,Pass0201
Name202,Lastname202,user202@example.com,Pass0202
Name203,Lastname203,user203@example.com,Pass0203
Name204,Lastname204,user204@example.com,Pass0204
Name205,Lastname205,user205@example.com,Pass0205
Name206,Lastname206,user206@example.com,Pass0206
Name207,Lastname207,user207@example.com,Pass0207
Name208,Lastname208,user208@example.com,Pass0208
Name209,Lastname209,user209@example.com,Pass0209
Name210,Lastname210,user210@example.com,Pass0210
Name211,Lastname211,user211@example.com,Pass0211
Name212,Lastname212,user212@example.com,Pass0212
Name213,Lastname213,user213@example.com,Pass0213
Name214,Lastname214,user214@example.com,Pass0214
Name215,Lastname215,user215@example.com,Pass0215
Name216,Lastname216,user216@example.com,Pass0216
Name217,Lastname217,user217@example.com,Pass0217
Name218,Lastname218,user218@example.com,Pass0218
Name219,Lastname219,user219@example.com,Pass0219
Name220,Lastname220,user220@example.com,Pass0220
Name221,Lastname221,user221@example.com,Pass0221
Name222,Lastname222,user222@example.com,Pass0222
Name223,Lastname223,user223@example.com,Pass0223
Name224,Lastname224,user224@example.com,Pass0224
Name225,Lastname225,user225@example.com,Pass0225
Name226,Lastname226,user226@example.com,Pass0226
Name227,Lastname227,user227@example.com,Pass0227
Name228,Lastname228,user228@example.com,Pass0228
Name229,Lastname229,user229@example.com,Pass0229
Name230,Lastname230,user230@example.com,Pass0230
Name231,Lastname231,user231@example.com,Pass0231
Name232,Lastname232,user232@example.com,Pass0232
Name233,Lastname233,user233@example.com,Pass0233
Name234,Lastname234,user234@example.com,Pass0234
Name235,Lastname235,user235@example.com,Pass0235
Name236,Lastname236,user236@example.com,Pass0236
Name237,Lastname237,user237@example.com,Pass0237
Name238,Lastname238,user238@example.com,Pass0238
Name239,Lastname239,user239@example.com,Pass0239
Name240,Lastname240,user240@example.com,Pass0240
Name241,Lastname241,user241@example.com,Pass0241
Name242,Lastname242,user242@example.com,Pass0242
Name243,Lastname243,user243@example.com,Pass0243
Name244,Lastname244,user244@example.com,Pass0244
Name245,Lastname245,user245@example.com,Pass0245
Name246,Lastname246,user246@example.com,Pass0246
Name247,Lastname247,user247@example.com,Pass0247
Name248,Lastname248,user248@example.com,Pass0248
Name249,Lastname249,user249@example.com,Pass0249
Name250,Lastname250,user250@example.com,Pass0250
Name251,Lastname251,user251@example.com,Pass0251
Name252,Lastname252,user252@example.com,Pass0252
Name253,Lastname253,user253@example.com,Pass0253
Name254,Lastname254,user254@example.com,Pass0254
Name255,Lastname255,user255@example.com,Pass0255
Name256,Lastname256,user256@example.com,Pass0256
Name257,Lastname257,user257@example.com,Pass0257
Name258,Lastname258,user258@example.com,Pass0258
Name259,Lastname259,user259@example.com,Pass0259
Name260,Lastname260,user260@example.com,Pass0260
Name261,Lastname261,user261@example.com,Pass0261
Name262,Lastname262,user262@example.com,Pass0262
Name263,Lastname263,user263@example.com,Pass0263
Name264,Lastname264,user264@example.com,Pass0264
Name265,Lastname265,user265@example.com,Pass0265
Name266,Lastname266,user266@example.com,Pass0266
Name267,Lastname267,user267@example.com,Pass0267
Name268,Lastname268,user268@example.com,Pass0268
Name269,Lastname269,user269@example.com,Pass0269
Name270,Lastname270,user270@example.com,Pass0270
Name271,Lastname271,user271@example.com,Pass0271
Name272,Lastname272,user272@example.com,Pass0272
Name273,Lastname273,user273@example.com,Pass0273
Name274,Lastname274,user274@example.com,Pass0274
Name275,Lastname275,user275@example.com,Pass0275
Name276,Lastname276,user276@example.com,Pass0276
Name277,Lastname277,user277@example.com,Pass0277
Name278,Lastname278,user278@example.com,Pass0278
Name279,Lastname279,user279@example.com,Pass0279
Name280,Lastname280,user280@example.com,Pass0280
Name281,Lastname281,user281@example.com,Pass0281
Name282,Lastname282,user282@example.com,Pass0282
Name283,Lastname283,user283@example.com,Pass0283
Name284,Lastname284,user284@example.com,Pass0284
Name285,Lastname285,user285@example.com,Pass0285
Name286,Lastname286,user286@example.com,Pass0286
Name287,Lastname287,user287@example.com,Pass0287
Name288,Lastname288,user288@example.com,Pass0288
Name289,Lastname289,user289@example.com,Pass0289
Name290,Lastname290,user290@example.com,Pass0290
Name291,Lastname291,user291@example.com,Pass0291
Name292,Lastname292,user292@example.com,Pass0292
Name293,Lastname293,user293@example.com,Pass0293
Name294,Lastname294,user294@example.com,Pass0294
Name295,Lastname295,user295@example.com,Pass0295
Name296,Lastname296,user296@example.com,Pass0296
Name297,Lastname297,user297@example.com,Pass0297
Name298,Lastname298,user298@example.com,Pass0298
Name299,Lastname299,user299@example.com,Pass0299
Name300,Lastname300,user300@example.com,Pass0300
Name301,Lastname301,user301@example.com,Pass0301
Name302,Lastname302,user302@example.com,Pass0302
Name303,Lastname303,user303@example.com,Pass0303
Name304,Lastname304,user304@example.com,Pass0304
Name305,Lastname305,user305@example.com,Pass0305
Name306,Lastname306,user306@example.com,Pass0306
Name307,Lastname307,user307@example.com,Pass0307
Name308,Lastname308,user308@example.com,Pass0308
Name309,Lastname309,user309@example.com,Pass0309
Name310,Lastname310,user310@example.com,Pass0310
Name311,Lastname311,user311@example.com,Pass0311
Name312,Lastname312,user312@example.com,Pass0312
Name313,Lastname313,user313@example.com,Pass0313
Name314,Lastname314,user314@example.com,Pass0314
Name315,Lastname315,user315@example.com,Pass0315
Name316,Lastname316,user316@example.com,Pass0316
Name317,Lastname317,user317@example.com,Pass0317
Name318,Lastname318,user318@example.com,Pass0318
Name319,Lastname319,user319@example.com,Pass0319
Name320,Lastname320,user320@example.com,Pass0320
Name321,Lastname321,user321@example.com,Pass0321
Name322,Lastname322,user322@example.com,Pass0322
Name323,Lastname323,user323@example.com,Pass0323
Name324,Lastname324,user324@example.com,Pass0324
Name325,Lastname325,user325@example.com,Pass0325
Name326,Lastname326,user326@example.com,Pass0326
Name327,Lastname327,user327@example.com,Pass0327
Name328,Lastname328,user328@example.com,Pass0328
Name329,Lastname329,user329@example.com,Pass0329
Name330,Lastname330,user330@example.com,Pass0330
Name331,Lastname331,user331@example.com,Pass0331
Name332,Lastname332,user332@example.com,Pass0332
Name333,Lastname333,user333@example.com,Pass0333
Name334,Lastname334,user334@example.com,Pass0334
Name335,Lastname335,user335@example.com,Pass0335
Name336,Lastname336,user336@example.com,Pass0336
Name337,Lastname337,user337@example.com,Pass0337
Name338,Lastname338,user338@example.com,Pass0338
Name339,Lastname339,user339@example.com,Pass0339
Name340,Lastname340,user340@example.com,Pass0340
Name341,Lastname341,user341@example.com,Pass0341
Name342,Lastname342,user342@example.com,Pass0342
Name343,Lastname343,user343@example.com,Pass0343
Name344,Lastname344,user344@example.com,Pass0344
Name345,Lastname345,user345@example.com,Pass0345
Name346,Lastname346,user346@example.com,Pass0346
Name347,Lastname347,user347@example.com,Pass0347
Name348,Lastname348,user348@example.com,Pass0348
Name349,Lastname349,user349@example.com,Pass0349
Name350,Lastname350,user350@example.com,Pass0350
Name351,Lastname351,user351@example.com,Pass0351
Name352,Lastname352,user352@example.com,Pass0352
Name353,Lastname353,user353@example.com,Pass0353
Name354,Lastname354,user354@example.com,Pass0354
Name355,Lastname355,user355@example.com,Pass0355
Name356,Lastname356,user356@example.com,Pass0356
Name357,Lastname357,user357@example.com,Pass0357
Name358,Lastname358,user358@example.com,Pass0358
Name359,Lastname359,user359@example.com,Pass0359
Name360,Lastname360,user360@example.com,Pass0360
Name361,Lastname361,user361@example.com,Pass0361
Name362,Lastname362,user362@example.com,Pass0362
Name363,Lastname363,user363@example.com,Pass0363
Name364,Lastname364,user364@example.com,Pass0364
Name365,Lastname365,user365@example.com,Pass0365
Name366,Lastname366,user366@example.com,Pass0366
Name367,Lastname367,user367@example.com,Pass0367
Name368,Lastname368,user368@example.com,Pass0368
Name369,Lastname369,user369@example.com,Pass0369
Name370,Lastname370,user370@example.com,Pass0370
Name371,Lastname371,user371@example.com,Pass0371
Name372,Lastname372,user372@example.com,Pass0372
Name373,Lastname373,user373@example.com,Pass0373
Name374,Lastname374,user374@example.com,Pass0374
Name375,Lastname375,user375@example.com,Pass0375
Name376,Lastname376,user376@example.com,Pass0376
Name377,Lastname377,user377@example.com,Pass0377
Name378,Lastname378,user378@example.com,Pass0378
Name379,Lastname379,user379@example.com,Pass0379
Name380,Lastname380,user380@example.com,Pass0380
Name381,Lastname381,user381@example.com,Pass0381
Name382,Lastname382,user382@example.com,Pass0382
Name383,Lastname383,user383@example.com,Pass0383
Name384,Lastname384,user384@example.com,Pass0384
Name385,Lastname385,user385@example.com,Pass0385
Name386,Lastname386,user386@example.com,Pass0386
Name387,Lastname387,user387@example.com,Pass0387
Name388,Lastname388,user388@example.com,Pass0388
Name389,Lastname389,user389@example.com,Pass0389
Name390,Lastname390,user390@example.com,Pass0390
Name391,Lastname391,user391@example.com,Pass0391
Name392,Lastname392,user392@example.com,Pass0392
Name393,Lastname393,user393@example.com,Pass0393
Name394,Lastname394,user394@example.com,Pass0394
Name395,Lastname395,user395@example.com,Pass0395
Name396,Lastname396,user396@example.com,Pass0396
Name397,Lastname397,user397@example.com,Pass0397
Name398,Lastname398,user398@example.com,Pass0398
Name399,Lastname399,user399@example.com,Pass0399
Name400,Lastname400,user400@example.com,Pass0400
Name401,Lastname401,user401@example.com,Pass0401
Name402,Lastname402,user402@example.com,Pass0402
Name403,Lastname403,user403@example.com,Pass0403
Name404,Lastname404,user404@example.com,Pass0404
Name405,Lastname405,user405@example.com,Pass0405
Name406,Lastname406,user406@example.com,Pass0406
Name407,Lastname407,user407@example.com,Pass0407
Name408,Lastname408,user408@example.com,Pass0408
Name409,Lastname409,user409@example.com,Pass0409
Name410,Lastname410,user410@example.com,Pass0410
Name411,Lastname411,user411@example.com,Pass0411
Name412,Lastname412,user412@example.com,Pass0412
Name413,Lastname413,user413@example.com,Pass0413
Name414,Lastname414,user414@example.com,Pass0414
Name415,Lastname415,user415@example.com,Pass0415
Name416,Lastname416,user416@example.com,Pass0416
Name417,Lastname417,user417@example.com,Pass0417
Name418,Lastname418,user418@example.com,Pass0418
Name419,Lastname419,user419@example.com,Pass0419
Name420,Lastname420,user420@example.com,Pass0420
Name421,Lastname421,user421@example.com,Pass0421
Name422,Lastname422,user422@example.com,Pass0422
Name423,Lastname423,user423@example.com,Pass0423
Name424,Lastname424,user424@example.com,Pass0424
Name425,Lastname425,user425@example.com,Pass0425
Name426,Lastname426,user426@example.com,Pass0426
Name427,Lastname427,user427@example.com,Pass0427
Name428,Lastname428,user428@example.com,Pass0428
Name429,Lastname429,user429@example.com,Pass0429
Name430,Lastname430,user430@example.com,Pass0430
Name431,Lastname431,user431@example.com,Pass0431
Name432,Lastname432,user432@example.com,Pass0432
Name433,Lastname433,user433@example.com,Pass0433
Name434,Lastname434,user434@example.com,Pass0434
Name435,Lastname435,user435@example.com,Pass0435
Name436,Lastname436,user436@example.com,Pass0436
Name437,Lastname437,user437@example.com,Pass0437
Name438,Lastname438,user438@example.com,Pass0438
Name439,Lastname439,user439@example.com,Pass0439
Name440,Lastname440,user440@example.com,Pass0440
Name441,Lastname441,user441@example.com,Pass0441
Name442,Lastname442,user442@example.com,Pass0442
Name443,Lastname443,user443@example.com,Pass0443
Name444,Lastname444,user444@example.com,Pass0444
Name445,Lastname445,user445@example.com,Pass0445
Name446,Lastname446,user446@example.com,Pass0446
Name447,Lastname447,user447@example.com,Pass0447
Name448,Lastname448,user448@example.com,Pass0448
Name449,Lastname449,user449@example.com,Pass0449
Name450,Lastname450,user450@example.com,Pass0450
Name451,Lastname451,user451@example.com,Pass0451
Name452,Lastname452,user452@example.com,Pass0452
Name453,Lastname453,user453@example.com,Pass0453
Name454,Lastname454,user454@example.com,Pass0454
Name455,Lastname455,user455@example.com,Pass0455
Name456,Lastname456,user456@example.com,Pass0456
Name457,Lastname457,user457@example.com,Pass0457
Name458,Lastname458,user458@example.com,Pass0458
Name459,Lastname459,user459@example.com,Pass0459
Name460,Lastname460,user460@example.com,Pass0460
Name461,Lastname461,user461@example.com,Pass0461
Name462,Lastname462,user462@example.com,Pass0462
Name463,Lastname463,user463@example.com,Pass0463
Name464,Lastname464,user464@example.com,Pass0464
Name465,Lastname465,user465@example.com,Pass0465
Name466,Lastname466,user466@example.com,Pass0466
Name467,Lastname467,user467@example.com,Pass0467
Name468,Lastname468,user468@example.com,Pass0468
Name469,Lastname469,user469@example.com,Pass0469
Name470,Lastname470,user470@example.com,Pass0470
Name471,Lastname471,user471@example.com,Pass0471
Name472,Lastname472,user472@example.com,Pass0472
Name473,Lastname473,user473@example.com,Pass0473
Name474,Lastname474,user474@example.com,Pass0474
Name475,Lastname475,user475@example.com,Pass0475
Name476,Lastname476,user476@example.com,Pass0476
Name477,Lastname477,user477@example.com,Pass0477
Name478,Lastname478,user478@example.com,Pass0478
Name479,Lastname479,user479@example.com,Pass0479
Name480,Lastname480,user480@example.com,Pass0480
Name481,Lastname481,user481@example.com,Pass0481
Name482,Lastname482,user482@example.com,Pass0482
Name483,Lastname483,user483@example.com,Pass0483
Name484,Lastname484,user484@example.com,Pass0484
Name485,Lastname485,user485@example.com,Pass0485
Name486,Lastname486,user486@example.com,Pass0486
Name487,Lastname487,user487@example.com,Pass0487
Name488,Lastname488,user488@example.com,Pass0488
Name489,Lastname489,user489@example.com,Pass0489
Name490,Lastname490,user490@example.com,Pass0490
Name491,Lastname491,user491@example.com,Pass0491
Name492,Lastname492,user492@example.com,Pass0492
Name493,Lastname493,user493@example.com,Pass0493
Name494,Lastname494,user494@example.com,Pass0494
Name495,Lastname495,user495@example.com,Pass0495
Name496,Lastname496,user496@example.com,Pass0496
Name497,Lastname497,user497@example.com,Pass0497
Name498,Lastname498,user498@example.com,Pass0498
Name499,Lastname499,user499@example.com,Pass0499
Name500,Lastname500,user500@example.com,Pass0500
