email,password
user001@example.com,Pass0001
user002@example.com,Pass0002
user003@example.com,Pass0003
user004@example.com,Pass0004
user005@example.com,Pass0005
user006@example.com,Pass0006
user007@example.com,Pass0007
user008@example.com,Pass0008
user009@example.com,Pass0009
user010@example.com,Pass0010
user011@example.com,Pass0011
user012@example.com,Pass0012
user013@example.com,Pass0013
user014@example.com,Pass0014
user015@example.com,Pass0015
user016@example.com,Pass0016
user017@example.com,Pass0017
user018@example.com,Pass0018
user019@example.com,Pass0019
user020@example.com,Pass0020
user021@example.com,Pass0021
user022@example.com,Pass0022
user023@example.com,Pass0023
user024@example.com,Pass0024
user025@example.com,Pass0025
user026@example.com,Pass0026
user027@example.com,Pass0027
user028@example.com,Pass0028
user029@example.com,Pass0029
user030@example.com,Pass0030
user031@example.com,Pass0031
user032@example.com,Pass0032
user033@example.com,Pass0033
user034@example.com,Pass0034
user035@example.com,Pass0035
user036@example.com,Pass0036
user037@example.com,Pass0037
user038@example.com,Pass0038
user039@example.com,Pass0039
user040@example.com,Pass0040
user041@example.com,Pass0041
user042@example.com,Pass0042
user043@example.com,Pass0043
user044@example.com,Pass0044
user045@example.com,Pass0045
user046@example.com,Pass0046
user047@example.com,Pass0047
user048@example.com,Pass0048
user049@example.com,Pass0049
user050@example.com,Pass0050
user051@example.com,Pass0051
user052@example.com,Pass0052
user053@example.com,Pass0053
user054@example.com,Pass0054
user055@example.com,Pass0055
user056@example.com,Pass0056
user057@example.com,Pass0057
user058@example.com,Pass0058
user059@example.com,Pass0059
user060@example.com,Pass0060
user061@example.com,Pass0061
user062@example.com,Pass0062
user063@example.com,Pass0063
user064@example.com,Pass0064
user065@example.com,Pass0065
user066@example.com,Pass0066
user067@example.com,Pass0067
user068@example.com,Pass0068
user069@example.com,Pass0069
user070@example.com,Pass0070
user071@example.com,Pass0071
user072@example.com,Pass0072
user073@example.com,Pass0073
user074@example.com,Pass0074
user075@example.com,Pass0075
user076@example.com,Pass0076
user077@example.com,Pass0077
user078@example.com,Pass0078
user079@example.com,Pass0079
user080@example.com,Pass0080
user081@example.com,Pass0081
user082@example.com,Pass0082
user083@example.com,Pass0083
user084@example.com,Pass0084
user085@example.com,Pass0085
user086@example.com,Pass0086
user087@example.com,Pass0087
user088@example.com,Pass0088
user089@example.com,Pass0089
user090@example.com,Pass0090
user091@example.com,Pass0091
user092@example.com,Pass0092
user093@example.com,Pass0093
user094@example.com,Pass0094
user095@example.com,Pass0095
user096@example.com,Pass0096
user097@example.com,Pass0097
user098@example.com,Pass0098
user099@example.com,Pass0099
user100@example.com,Pass0100
user101@example.com,Pass0101
user102@example.com,Pass0102
user103@example.com,Pass0103
user104@example.com,Pass0104
user105@example.com,Pass0105
user106@example.com,Pass0106
user107@example.com,Pass0107
user108@example.com,Pass0108
user109@example.com,Pass0109
user110@example.com,Pass0110
user111@example.com,Pass0111
user112@example.com,Pass0112
user113@example.com,Pass0113
user114@example.com,Pass0114
user115@example.com,Pass0115
user116@example.com,Pass0116
user117@example.com,Pass0117
user118@example.com,Pass0118
user119@example.com,Pass0119
user120@example.com,Pass0120
user121@example.com,Pass0121
user122@example.com,Pass0122
user123@example.com,Pass0123
user124@example.com,Pass0124
user125@example.com,Pass0125
user126@example.com,Pass0126
user127@example.com,Pass0127
user128@example.com,Pass0128
user129@example.com,Pass0129
user130@example.com,Pass0130
user131@example.com,Pass0131
user132@example.com,Pass0132
user133@example.com,Pass0133
user134@example.com,Pass0134
user135@example.com,Pass0135
user136@example.com,Pass0136
user137@example.com,Pass0137
user138@example.com,Pass0138
user139@example.com,Pass0139
user140@example.com,Pass0140
user141@example.com,Pass0141
user142@example.com,Pass0142
user143@example.com,Pass0143
user144@example.com,Pass0144
user145@example.com,Pass0145
user146@example.com,Pass0146
user147@example.com,Pass0147
user148@example.com,Pass0148
user149@example.com,Pass0149
user150@example.com,Pass0150
user151@example.com,Pass0151
user152@example.com,Pass0152
user153@example.com,Pass0153
user154@example.com,Pass0154
user155@example.com,Pass0155
user156@example.com,Pass0156
user157@example.com,Pass0157
user158@example.com,Pass0158
user159@example.com,Pass0159
user160@example.com,Pass0160
user161@example.com,Pass0161
user162@example.com,Pass0162
user163@example.com,Pass0163
user164@example.com,Pass0164
user165@example.com,Pass0165
user166@example.com,Pass0166
user167@example.com,Pass0167
user168@example.com,Pass0168
user169@example.com,Pass0169
user170@example.com,Pass0170
user171@example.com,Pass0171
user172@example.com,Pass0172
user173@example.com,Pass0173
user174@example.com,Pass0174
user175@example.com,Pass0175
user176@example.com,Pass0176
user177@example.com,Pass0177
user178@example.com,Pass0178
user179@example.com,Pass0179
user180@example.com,Pass0180
user181@example.com,Pass0181
user182@example.com,Pass0182
user183@example.com,Pass0183
user184@example.com,Pass0184
user185@example.com,Pass0185
user186@example.com,Pass0186
user187@example.com,Pass0187
user188@example.com,Pass0188
user189@example.com,Pass0189
user190@example.com,Pass0190
user191@example.com,Pass0191
user192@example.com,Pass0192
user193@example.com,Pass0193
user194@example.com,Pass0194
user195@example.com,Pass0195
user196@example.com,Pass0196
user197@example.com,Pass0197
user198@example.com,Pass0198
user199@example.com,Pass0199
user200@example.com,Pass0200
user201@example.com,Pass0201
user202@example.com,Pass0202
user203@example.com,Pass0203
user204@example.com,Pass0204
user205@example.com,Pass0205
user206@example.com,Pass0206
user207@example.com,Pass0207
user208@example.com,Pass0208
user209@example.com,Pass0209
user210@example.com,Pass0210
user211@example.com,Pass0211
user212@example.com,Pass0212
user213@example.com,Pass0213
user214@example.com,Pass0214
user215@example.com,Pass0215
user216@example.com,Pass0216
user217@example.com,Pass0217
user218@example.com,Pass0218
user219@example.com,Pass0219
user220@example.com,Pass0220
user221@example.com,Pass0221
user222@example.com,Pass0222
user223@example.com,Pass0223
user224@example.com,Pass0224
user225@example.com,Pass0225
user226@example.com,Pass0226
user227@example.com,Pass0227
user228@example.com,Pass0228
user229@example.com,Pass0229
user230@example.com,Pass0230
user231@example.com,Pass0231
user232@example.com,Pass0232
user233@example.com,Pass0233
user234@example.com,Pass0234
user235@example.com,Pass0235
user236@example.com,Pass0236
user237@example.com,Pass0237
user238@example.com,Pass0238
user239@example.com,Pass0239
user240@example.com,Pass0240
user241@example.com,Pass0241
user242@example.com,Pass0242
user243@example.com,Pass0243
user244@example.com,Pass0244
user245@example.com,Pass0245
user246@example.com,Pass0246
user247@example.com,Pass0247
user248@example.com,Pass0248
user249@example.com,Pass0249
user250@example.com,Pass0250
user251@example.com,Pass0251
user252@example.com,Pass0252
user253@example.com,Pass0253
user254@example.com,Pass0254
user255@example.com,Pass0255
user256@example.com,Pass0256
user257@example.com,Pass0257
user258@example.com,Pass0258
user259@example.com,Pass0259
user260@example.com,Pass0260
user261@example.com,Pass0261
user262@example.com,Pass0262
user263@example.com,Pass0263
user264@example.com,Pass0264
user265@example.com,Pass0265
user266@example.com,Pass0266
user267@example.com,Pass0267
user268@example.com,Pass0268
user269@example.com,Pass0269
user270@example.com,Pass0270
user271@example.com,Pass0271
user272@example.com,Pass0272
user273@example.com,Pass0273
user274@example.com,Pass0274
user275@example.com,Pass0275
user276@example.com,Pass0276
user277@example.com,Pass0277
user278@example.com,Pass0278
user279@example.com,Pass0279
user280@example.com,Pass0280
user281@example.com,Pass0281
user282@example.com,Pass0282
user283@example.com,Pass0283
user284@example.com,Pass0284
user285@example.com,Pass0285
user286@example.com,Pass0286
user287@example.com,Pass0287
user288@example.com,Pass0288
user289@example.com,Pass0289
user290@example.com,Pass0290
user291@example.com,Pass0291
user292@example.com,Pass0292
user293@example.com,Pass0293
user294@example.com,Pass0294
user295@example.com,Pass0295
user296@example.com,Pass0296
user297@example.com,Pass0297
user298@example.com,Pass0298
user299@example.com,Pass0299
user300@example.com,Pass0300
user301@example.com,Pass0301
user302@example.com,Pass0302
user303@example.com,Pass0303
user304@example.com,Pass0304
user305@example.com,Pass0305
user306@example.com,Pass0306
user307@example.com,Pass0307
user308@example.com,Pass0308
user309@example.com,Pass0309
user310@example.com,Pass0310
user311@example.com,Pass0311
user312@example.com,Pass0312
user313@example.com,Pass0313
user314@example.com,Pass0314
user315@example.com,Pass0315
user316@example.com,Pass0316
user317@example.com,Pass0317
user318@example.com,Pass0318
user319@example.com,Pass0319
user320@example.com,Pass0320
user321@example.com,Pass0321
user322@example.com,Pass0322
user323@example.com,Pass0323
user324@example.com,Pass0324
user325@example.com,Pass0325
user326@example.com,Pass0326
user327@example.com,Pass0327
user328@example.com,Pass0328
user329@example.com,Pass0329
user330@example.com,Pass0330
user331@example.com,Pass0331
user332@example.com,Pass0332
user333@example.com,Pass0333
user334@example.com,Pass0334
user335@example.com,Pass0335
user336@example.com,Pass0336
user337@example.com,Pass0337
user338@example.com,Pass0338
user339@example.com,Pass0339
user340@example.com,Pass0340
user341@example.com,Pass0341
user342@example.com,Pass0342
user343@example.com,Pass0343
user344@example.com,Pass0344
user345@example.com,Pass0345
user346@example.com,Pass0346
user347@example.com,Pass0347
user348@example.com,Pass0348
user349@example.com,Pass0349
user350@example.com,Pass0350
user351@example.com,Pass0351
user352@example.com,Pass0352
user353@example.com,Pass0353
user354@example.com,Pass0354
user355@example.com,Pass0355
user356@example.com,Pass0356
user357@example.com,Pass0357
user358@example.com,Pass0358
user359@example.com,Pass0359
user360@example.com,Pass0360
user361@example.com,Pass0361
user362@example.com,Pass0362
user363@example.com,Pass0363
user364@example.com,Pass0364
user365@example.com,Pass0365
user366@example.com,Pass0366
user367@example.com,Pass0367
user368@example.com,Pass0368
user369@example.com,Pass0369
user370@example.com,Pass0370
user371@example.com,Pass0371
user372@example.com,Pass0372
user373@example.com,Pass0373
user374@example.com,Pass0374
user375@example.com,Pass0375
user376@example.com,Pass0376
user377@example.com,Pass0377
user378@example.com,Pass0378
user379@example.com,Pass0379
user380@example.com,Pass0380
user381@example.com,Pass0381
user382@example.com,Pass0382
user383@example.com,Pass0383
user384@example.com,Pass0384
user385@example.com,Pass0385
user386@example.com,Pass0386
user387@example.com,Pass0387
user388@example.com,Pass0388
user389@example.com,Pass0389
user390@example.com,Pass0390
user391@example.com,Pass0391
user392@example.com,Pass0392
user393@example.com,Pass0393
user394@example.com,Pass0394
user395@example.com,Pass0395
user396@example.com,Pass0396
user397@example.com,Pass0397
user398@example.com,Pass0398
user399@example.com,Pass0399
user400@example.com,Pass0400
user401@example.com,Pass0401
user402@example.com,Pass0402
user403@example.com,Pass0403
user404@example.com,Pass0404
user405@example.com,Pass0405
user406@example.com,Pass0406
user407@example.com,Pass0407
user408@example.com,Pass0408
user409@example.com,Pass0409
user410@example.com,Pass0410
user411@example.com,Pass0411
user412@example.com,Pass0412
user413@example.com,Pass0413
user414@example.com,Pass0414
user415@example.com,Pass0415
user416@example.com,Pass0416
user417@example.com,Pass0417
user418@example.com,Pass0418
user419@example.com,Pass0419
user420@example.com,Pass0420
user421@example.com,Pass0421
user422@example.com,Pass0422
user423@example.com,Pass0423
user424@example.com,Pass0424
user425@example.com,Pass0425
user426@example.com,Pass0426
user427@example.com,Pass0427
user428@example.com,Pass0428
user429@example.com,Pass0429
user430@example.com,Pass0430
user431@example.com,Pass0431
user432@example.com,Pass0432
user433@example.com,Pass0433
user434@example.com,Pass0434
user435@example.com,Pass0435
user436@example.com,Pass0436
user437@example.com,Pass0437
user438@example.com,Pass0438
user439@example.com,Pass0439
user440@example.com,Pass0440
user441@example.com,Pass0441
user442@example.com,Pass0442
user443@example.com,Pass0443
user444@example.com,Pass0444
user445@example.com,Pass0445
user446@example.com,Pass0446
user447@example.com,Pass0447
user448@example.com,Pass0448
user449@example.com,Pass0449
user450@example.com,Pass0450
user451@example.com,Pass0451
user452@example.com,Pass0452
user453@example.com,Pass0453
user454@example.com,Pass0454
user455@example.com,Pass0455
user456@example.com,Pass0456
user457@example.com,Pass0457
user458@example.com,Pass0458
user459@example.com,Pass0459
user460@example.com,Pass0460
user461@example.com,Pass0461
user462@example.com,Pass0462
user463@example.com,Pass0463
user464@example.com,Pass0464
user465@example.com,Pass0465
user466@example.com,Pass0466
user467@example.com,Pass0467
user468@example.com,Pass0468
user469@example.com,Pass0469
user470@example.com,Pass0470
user471@example.com,Pass0471
user472@example.com,Pass0472
user473@example.com,Pass0473
user474@example.com,Pass0474
user475@example.com,Pass0475
user476@example.com,Pass0476
user477@example.com,Pass0477
user478@example.com,Pass0478
user479@example.com,Pass0479
user480@example.com,Pass0480
user481@example.com,Pass0481
user482@example.com,Pass0482
user483@example.com,Pass0483
user484@example.com,Pass0484
user485@example.com,Pass0485
user486@example.com,Pass0486
user487@example.com,Pass0487
user488@example.com,Pass0488
user489@example.com,Pass0489
user490@example.com,Pass0490
user491@example.com,Pass0491
user492@example.com,Pass0492
user493@example.com,Pass0493
user494@example.com,Pass0494
user495@example.com,Pass0495
user496@example.com,Pass0496
user497@example.com,Pass0497
user498@example.com,Pass0498
user499@example.com,Pass0499
user500@example.com,Pass0500
